program_id,origin,license,filepath,notes
"base_custom_01","custom_author","MIT","C:/Users/thris/OneDrive/Documents/compiler error explanation using AST and NLP code/data/v2/base_programs/base_custom_01.cpp","OOP class with private balance and const id"
"base_custom_02","custom_author","MIT","C:/Users/thris/OneDrive/Documents/compiler error explanation using AST and NLP code/data/v2/base_programs/base_custom_02.cpp","Protected inheritance with virtual destructor"
"base_custom_03","custom_author","MIT","C:/Users/thris/OneDrive/Documents/compiler error explanation using AST and NLP code/data/v2/base_programs/base_custom_03.cpp","Const parameter and local const variable"
"base_custom_04","custom_author","MIT","C:/Users/thris/OneDrive/Documents/compiler error explanation using AST and NLP code/data/v2/base_programs/base_custom_04.cpp","Separate declaration and definition for functions"
"base_custom_05","custom_author","MIT","C:/Users/thris/OneDrive/Documents/compiler error explanation using AST and NLP code/data/v2/base_programs/base_custom_05.cpp","Template function with trailing return type"
"base_custom_06","custom_author","MIT","C:/Users/thris/OneDrive/Documents/compiler error explanation using AST and NLP code/data/v2/base_programs/base_custom_06.cpp","STL vector and std::sort"
"base_custom_07","custom_author","MIT","C:/Users/thris/OneDrive/Documents/compiler error explanation using AST and NLP code/data/v2/base_programs/base_custom_07.cpp","STL map key-value operations"
"base_custom_08","custom_author","MIT","C:/Users/thris/OneDrive/Documents/compiler error explanation using AST and NLP code/data/v2/base_programs/base_custom_08.cpp","Pointer dynamic allocation with new and delete"
"base_custom_09","custom_author","MIT","C:/Users/thris/OneDrive/Documents/compiler error explanation using AST and NLP code/data/v2/base_programs/base_custom_09.cpp","Scoped enum class with switch handling"
"base_custom_10","custom_author","MIT","C:/Users/thris/OneDrive/Documents/compiler error explanation using AST and NLP code/data/v2/base_programs/base_custom_10.cpp","Nested namespaces and using directive"
"base_custom_11","custom_author","MIT","C:/Users/thris/OneDrive/Documents/compiler error explanation using AST and NLP code/data/v2/base_programs/base_custom_11.cpp","Struct with const reference parameters"
"base_custom_12","custom_author","MIT","C:/Users/thris/OneDrive/Documents/compiler error explanation using AST and NLP code/data/v2/base_programs/base_custom_12.cpp","Generic stack template class"
"base_custom_13","custom_author","MIT","C:/Users/thris/OneDrive/Documents/compiler error explanation using AST and NLP code/data/v2/base_programs/base_custom_13.cpp","STL set uniqueness check"
"base_custom_14","custom_author","MIT","C:/Users/thris/OneDrive/Documents/compiler error explanation using AST and NLP code/data/v2/base_programs/base_custom_14.cpp","Stringstream parsing"
"base_custom_15","custom_author","MIT","C:/Users/thris/OneDrive/Documents/compiler error explanation using AST and NLP code/data/v2/base_programs/base_custom_15.cpp","Const object with mutable member"
"base_custom_16","custom_author","MIT","C:/Users/thris/OneDrive/Documents/compiler error explanation using AST and NLP code/data/v2/base_programs/base_custom_16.cpp","Class with static private member and definition"
"base_custom_17","custom_author","MIT","C:/Users/thris/OneDrive/Documents/compiler error explanation using AST and NLP code/data/v2/base_programs/base_custom_17.cpp","CMath std::sqrt and std::pow"
"base_custom_18","custom_author","MIT","C:/Users/thris/OneDrive/Documents/compiler error explanation using AST and NLP code/data/v2/base_programs/base_custom_18.cpp","Const pointer and pointer-to-const semantics"
"base_custom_19","custom_author","MIT","C:/Users/thris/OneDrive/Documents/compiler error explanation using AST and NLP code/data/v2/base_programs/base_custom_19.cpp","std::binary_search usage"
"base_custom_20","custom_author","MIT","C:/Users/thris/OneDrive/Documents/compiler error explanation using AST and NLP code/data/v2/base_programs/base_custom_20.cpp","std::queue container operations"
"base_custom_21","custom_author","MIT","C:/Users/thris/OneDrive/Documents/compiler error explanation using AST and NLP code/data/v2/base_programs/base_custom_21.cpp","std::deque front and back operations"
"base_custom_22","custom_author","MIT","C:/Users/thris/OneDrive/Documents/compiler error explanation using AST and NLP code/data/v2/base_programs/base_custom_22.cpp","std::array with size iteration"
"base_custom_23","custom_author","MIT","C:/Users/thris/OneDrive/Documents/compiler error explanation using AST and NLP code/data/v2/base_programs/base_custom_23.cpp","Function overloading with int and double"
"base_custom_24","custom_author","MIT","C:/Users/thris/OneDrive/Documents/compiler error explanation using AST and NLP code/data/v2/base_programs/base_custom_24.cpp","Friend function accessing private member"
"base_custom_25","custom_author","MIT","C:/Users/thris/OneDrive/Documents/compiler error explanation using AST and NLP code/data/v2/base_programs/base_custom_25.cpp","Pass by reference and pass by value semantics"
"base_custom_26","custom_author","MIT","C:/Users/thris/OneDrive/Documents/compiler error explanation using AST and NLP code/data/v2/base_programs/base_custom_26.cpp","Bitwise AND and bitmask checking"
"base_custom_27","custom_author","MIT","C:/Users/thris/OneDrive/Documents/compiler error explanation using AST and NLP code/data/v2/base_programs/base_custom_27.cpp","Default and parameterized constructors"
"base_custom_28","custom_author","MIT","C:/Users/thris/OneDrive/Documents/compiler error explanation using AST and NLP code/data/v2/base_programs/base_custom_28.cpp","Binary operator+ overloading"
"base_custom_29","custom_author","MIT","C:/Users/thris/OneDrive/Documents/compiler error explanation using AST and NLP code/data/v2/base_programs/base_custom_29.cpp","Recursive factorial function"
"base_custom_30","custom_author","MIT","C:/Users/thris/OneDrive/Documents/compiler error explanation using AST and NLP code/data/v2/base_programs/base_custom_30.cpp","Lambda expression with capture by value"
"base_custom_31","custom_author","MIT","C:/Users/thris/OneDrive/Documents/compiler error explanation using AST and NLP code/data/v2/base_programs/base_custom_31.cpp","std::reverse on std::string"
"base_custom_32","custom_author","MIT","C:/Users/thris/OneDrive/Documents/compiler error explanation using AST and NLP code/data/v2/base_programs/base_custom_32.cpp","Custom comparator function with std::sort"
"base_custom_33","custom_author","MIT","C:/Users/thris/OneDrive/Documents/compiler error explanation using AST and NLP code/data/v2/base_programs/base_custom_33.cpp","2D vector allocation and access"
"base_custom_34","custom_author","MIT","C:/Users/thris/OneDrive/Documents/compiler error explanation using AST and NLP code/data/v2/base_programs/base_custom_34.cpp","Void function with const char* parameter"
"base_custom_35","custom_author","MIT","C:/Users/thris/OneDrive/Documents/compiler error explanation using AST and NLP code/data/v2/base_programs/base_custom_35.cpp","Traditional C++ enum"
"base_custom_36","custom_author","MIT","C:/Users/thris/OneDrive/Documents/compiler error explanation using AST and NLP code/data/v2/base_programs/base_custom_36.cpp","Pointer increment and arithmetic"
"base_custom_37","custom_author","MIT","C:/Users/thris/OneDrive/Documents/compiler error explanation using AST and NLP code/data/v2/base_programs/base_custom_37.cpp","Struct sizeof and alignment"
"base_custom_38","custom_author","MIT","C:/Users/thris/OneDrive/Documents/compiler error explanation using AST and NLP code/data/v2/base_programs/base_custom_38.cpp","Type alias using C++ using statement"
"base_custom_39","custom_author","MIT","C:/Users/thris/OneDrive/Documents/compiler error explanation using AST and NLP code/data/v2/base_programs/base_custom_39.cpp","Function returning pointer to int"
"base_custom_40","custom_author","MIT","C:/Users/thris/OneDrive/Documents/compiler error explanation using AST and NLP code/data/v2/base_programs/base_custom_40.cpp","std::pair utility header usage"
"base_custom_41","custom_author","MIT","C:/Users/thris/OneDrive/Documents/compiler error explanation using AST and NLP code/data/v2/base_programs/base_custom_41.cpp","Const reference return from member function"
"base_custom_42","custom_author","MIT","C:/Users/thris/OneDrive/Documents/compiler error explanation using AST and NLP code/data/v2/base_programs/base_custom_42.cpp","Abstract class with pure virtual method"
"base_custom_43","custom_author","MIT","C:/Users/thris/OneDrive/Documents/compiler error explanation using AST and NLP code/data/v2/base_programs/base_custom_43.cpp","Namespace with const configuration parameters"
"base_custom_44","custom_author","MIT","C:/Users/thris/OneDrive/Documents/compiler error explanation using AST and NLP code/data/v2/base_programs/base_custom_44.cpp","Do-while loop construct"
"base_custom_45","custom_author","MIT","C:/Users/thris/OneDrive/Documents/compiler error explanation using AST and NLP code/data/v2/base_programs/base_custom_45.cpp","Linked list node struct with nullptr initialization"
"base_algo_001","TheAlgorithms/C-Plus-Plus (scratch/the_algorithms/backtracking/minimax.cpp)","MIT","C:/Users/thris/OneDrive/Documents/compiler error explanation using AST and NLP code/data/v2/base_programs/base_algo_001.cpp","Algorithm benchmark"
"base_algo_002","TheAlgorithms/C-Plus-Plus (scratch/the_algorithms/backtracking/subarray_sum.cpp)","MIT","C:/Users/thris/OneDrive/Documents/compiler error explanation using AST and NLP code/data/v2/base_programs/base_algo_002.cpp","Algorithm benchmark"
"base_algo_003","TheAlgorithms/C-Plus-Plus (scratch/the_algorithms/backtracking/subset_sum.cpp)","MIT","C:/Users/thris/OneDrive/Documents/compiler error explanation using AST and NLP code/data/v2/base_programs/base_algo_003.cpp","Algorithm benchmark"
"base_algo_004","TheAlgorithms/C-Plus-Plus (scratch/the_algorithms/backtracking/sudoku_solver.cpp)","MIT","C:/Users/thris/OneDrive/Documents/compiler error explanation using AST and NLP code/data/v2/base_programs/base_algo_004.cpp","Algorithm benchmark"
"base_algo_005","TheAlgorithms/C-Plus-Plus (scratch/the_algorithms/bit_manipulation/check_even_odd.cpp)","MIT","C:/Users/thris/OneDrive/Documents/compiler error explanation using AST and NLP code/data/v2/base_programs/base_algo_005.cpp","Algorithm benchmark"
"base_algo_006","TheAlgorithms/C-Plus-Plus (scratch/the_algorithms/bit_manipulation/count_bits_flip.cpp)","MIT","C:/Users/thris/OneDrive/Documents/compiler error explanation using AST and NLP code/data/v2/base_programs/base_algo_006.cpp","Algorithm benchmark"
"base_algo_007","TheAlgorithms/C-Plus-Plus (scratch/the_algorithms/bit_manipulation/count_of_set_bits.cpp)","MIT","C:/Users/thris/OneDrive/Documents/compiler error explanation using AST and NLP code/data/v2/base_programs/base_algo_007.cpp","Algorithm benchmark"
"base_algo_008","TheAlgorithms/C-Plus-Plus (scratch/the_algorithms/bit_manipulation/count_of_trailing_ciphers_in_factorial_n.cpp)","MIT","C:/Users/thris/OneDrive/Documents/compiler error explanation using AST and NLP code/data/v2/base_programs/base_algo_008.cpp","Algorithm benchmark"
"base_algo_009","TheAlgorithms/C-Plus-Plus (scratch/the_algorithms/bit_manipulation/find_non_repeating_number.cpp)","MIT","C:/Users/thris/OneDrive/Documents/compiler error explanation using AST and NLP code/data/v2/base_programs/base_algo_009.cpp","Algorithm benchmark"
"base_algo_010","TheAlgorithms/C-Plus-Plus (scratch/the_algorithms/bit_manipulation/gray_code.cpp)","MIT","C:/Users/thris/OneDrive/Documents/compiler error explanation using AST and NLP code/data/v2/base_programs/base_algo_010.cpp","Algorithm benchmark"
"base_algo_011","TheAlgorithms/C-Plus-Plus (scratch/the_algorithms/bit_manipulation/hamming_distance.cpp)","MIT","C:/Users/thris/OneDrive/Documents/compiler error explanation using AST and NLP code/data/v2/base_programs/base_algo_011.cpp","Algorithm benchmark"
"base_algo_012","TheAlgorithms/C-Plus-Plus (scratch/the_algorithms/bit_manipulation/next_higher_number_with_same_number_of_set_bits.cpp)","MIT","C:/Users/thris/OneDrive/Documents/compiler error explanation using AST and NLP code/data/v2/base_programs/base_algo_012.cpp","Algorithm benchmark"
"base_algo_013","TheAlgorithms/C-Plus-Plus (scratch/the_algorithms/bit_manipulation/set_kth_bit.cpp)","MIT","C:/Users/thris/OneDrive/Documents/compiler error explanation using AST and NLP code/data/v2/base_programs/base_algo_013.cpp","Algorithm benchmark"
"base_algo_014","TheAlgorithms/C-Plus-Plus (scratch/the_algorithms/ciphers/a1z26_cipher.cpp)","MIT","C:/Users/thris/OneDrive/Documents/compiler error explanation using AST and NLP code/data/v2/base_programs/base_algo_014.cpp","Algorithm benchmark"
"base_algo_015","TheAlgorithms/C-Plus-Plus (scratch/the_algorithms/ciphers/atbash_cipher.cpp)","MIT","C:/Users/thris/OneDrive/Documents/compiler error explanation using AST and NLP code/data/v2/base_programs/base_algo_015.cpp","Algorithm benchmark"
"base_algo_016","TheAlgorithms/C-Plus-Plus (scratch/the_algorithms/ciphers/base64_encoding.cpp)","MIT","C:/Users/thris/OneDrive/Documents/compiler error explanation using AST and NLP code/data/v2/base_programs/base_algo_016.cpp","Algorithm benchmark"
"base_algo_017","TheAlgorithms/C-Plus-Plus (scratch/the_algorithms/ciphers/caesar_cipher.cpp)","MIT","C:/Users/thris/OneDrive/Documents/compiler error explanation using AST and NLP code/data/v2/base_programs/base_algo_017.cpp","Algorithm benchmark"
"base_algo_018","TheAlgorithms/C-Plus-Plus (scratch/the_algorithms/ciphers/morse_code.cpp)","MIT","C:/Users/thris/OneDrive/Documents/compiler error explanation using AST and NLP code/data/v2/base_programs/base_algo_018.cpp","Algorithm benchmark"
"base_algo_019","TheAlgorithms/C-Plus-Plus (scratch/the_algorithms/ciphers/vigenere_cipher.cpp)","MIT","C:/Users/thris/OneDrive/Documents/compiler error explanation using AST and NLP code/data/v2/base_programs/base_algo_019.cpp","Algorithm benchmark"
"base_algo_020","TheAlgorithms/C-Plus-Plus (scratch/the_algorithms/ciphers/xor_cipher.cpp)","MIT","C:/Users/thris/OneDrive/Documents/compiler error explanation using AST and NLP code/data/v2/base_programs/base_algo_020.cpp","Algorithm benchmark"
"base_algo_021","TheAlgorithms/C-Plus-Plus (scratch/the_algorithms/cpu_scheduling_algorithms/fcfs_scheduling.cpp)","MIT","C:/Users/thris/OneDrive/Documents/compiler error explanation using AST and NLP code/data/v2/base_programs/base_algo_021.cpp","Algorithm benchmark"
"base_algo_022","TheAlgorithms/C-Plus-Plus (scratch/the_algorithms/cpu_scheduling_algorithms/non_preemptive_sjf_scheduling.cpp)","MIT","C:/Users/thris/OneDrive/Documents/compiler error explanation using AST and NLP code/data/v2/base_programs/base_algo_022.cpp","Algorithm benchmark"
"base_algo_023","TheAlgorithms/C-Plus-Plus (scratch/the_algorithms/data_structures/avltree.cpp)","MIT","C:/Users/thris/OneDrive/Documents/compiler error explanation using AST and NLP code/data/v2/base_programs/base_algo_023.cpp","Algorithm benchmark"
"base_algo_024","TheAlgorithms/C-Plus-Plus (scratch/the_algorithms/data_structures/binaryheap.cpp)","MIT","C:/Users/thris/OneDrive/Documents/compiler error explanation using AST and NLP code/data/v2/base_programs/base_algo_024.cpp","Algorithm benchmark"
"base_algo_025","TheAlgorithms/C-Plus-Plus (scratch/the_algorithms/data_structures/binary_search_tree.cpp)","MIT","C:/Users/thris/OneDrive/Documents/compiler error explanation using AST and NLP code/data/v2/base_programs/base_algo_025.cpp","Algorithm benchmark"
"base_algo_026","TheAlgorithms/C-Plus-Plus (scratch/the_algorithms/data_structures/binary_search_tree2.cpp)","MIT","C:/Users/thris/OneDrive/Documents/compiler error explanation using AST and NLP code/data/v2/base_programs/base_algo_026.cpp","Algorithm benchmark"
"base_algo_027","TheAlgorithms/C-Plus-Plus (scratch/the_algorithms/data_structures/bloom_filter.cpp)","MIT","C:/Users/thris/OneDrive/Documents/compiler error explanation using AST and NLP code/data/v2/base_programs/base_algo_027.cpp","Algorithm benchmark"
"base_algo_028","TheAlgorithms/C-Plus-Plus (scratch/the_algorithms/data_structures/circular_queue_using_linked_list.cpp)","MIT","C:/Users/thris/OneDrive/Documents/compiler error explanation using AST and NLP code/data/v2/base_programs/base_algo_028.cpp","Algorithm benchmark"
"base_algo_029","TheAlgorithms/C-Plus-Plus (scratch/the_algorithms/data_structures/disjoint_set.cpp)","MIT","C:/Users/thris/OneDrive/Documents/compiler error explanation using AST and NLP code/data/v2/base_programs/base_algo_029.cpp","Algorithm benchmark"
"base_algo_030","TheAlgorithms/C-Plus-Plus (scratch/the_algorithms/data_structures/doubly_linked_list.cpp)","MIT","C:/Users/thris/OneDrive/Documents/compiler error explanation using AST and NLP code/data/v2/base_programs/base_algo_030.cpp","Algorithm benchmark"
"base_algo_031","TheAlgorithms/C-Plus-Plus (scratch/the_algorithms/data_structures/dsu_path_compression.cpp)","MIT","C:/Users/thris/OneDrive/Documents/compiler error explanation using AST and NLP code/data/v2/base_programs/base_algo_031.cpp","Algorithm benchmark"
"base_algo_032","TheAlgorithms/C-Plus-Plus (scratch/the_algorithms/data_structures/dsu_union_rank.cpp)","MIT","C:/Users/thris/OneDrive/Documents/compiler error explanation using AST and NLP code/data/v2/base_programs/base_algo_032.cpp","Algorithm benchmark"
"base_algo_033","TheAlgorithms/C-Plus-Plus (scratch/the_algorithms/data_structures/linkedlist_implentation_usingarray.cpp)","MIT","C:/Users/thris/OneDrive/Documents/compiler error explanation using AST and NLP code/data/v2/base_programs/base_algo_033.cpp","Algorithm benchmark"
"base_algo_034","TheAlgorithms/C-Plus-Plus (scratch/the_algorithms/data_structures/linked_list.cpp)","MIT","C:/Users/thris/OneDrive/Documents/compiler error explanation using AST and NLP code/data/v2/base_programs/base_algo_034.cpp","Algorithm benchmark"
"base_algo_035","TheAlgorithms/C-Plus-Plus (scratch/the_algorithms/data_structures/morrisinorder.cpp)","MIT","C:/Users/thris/OneDrive/Documents/compiler error explanation using AST and NLP code/data/v2/base_programs/base_algo_035.cpp","Algorithm benchmark"
"base_algo_036","TheAlgorithms/C-Plus-Plus (scratch/the_algorithms/data_structures/queue_using_array2.cpp)","MIT","C:/Users/thris/OneDrive/Documents/compiler error explanation using AST and NLP code/data/v2/base_programs/base_algo_036.cpp","Algorithm benchmark"
"base_algo_037","TheAlgorithms/C-Plus-Plus (scratch/the_algorithms/data_structures/queue_using_linkedlist.cpp)","MIT","C:/Users/thris/OneDrive/Documents/compiler error explanation using AST and NLP code/data/v2/base_programs/base_algo_037.cpp","Algorithm benchmark"
"base_algo_038","TheAlgorithms/C-Plus-Plus (scratch/the_algorithms/data_structures/queue_using_linked_list.cpp)","MIT","C:/Users/thris/OneDrive/Documents/compiler error explanation using AST and NLP code/data/v2/base_programs/base_algo_038.cpp","Algorithm benchmark"
"base_algo_039","TheAlgorithms/C-Plus-Plus (scratch/the_algorithms/data_structures/queue_using_two_stacks.cpp)","MIT","C:/Users/thris/OneDrive/Documents/compiler error explanation using AST and NLP code/data/v2/base_programs/base_algo_039.cpp","Algorithm benchmark"
"base_algo_040","TheAlgorithms/C-Plus-Plus (scratch/the_algorithms/data_structures/rb_tree.cpp)","MIT","C:/Users/thris/OneDrive/Documents/compiler error explanation using AST and NLP code/data/v2/base_programs/base_algo_040.cpp","Algorithm benchmark"
"base_algo_041","TheAlgorithms/C-Plus-Plus (scratch/the_algorithms/data_structures/reverse_a_linked_list.cpp)","MIT","C:/Users/thris/OneDrive/Documents/compiler error explanation using AST and NLP code/data/v2/base_programs/base_algo_041.cpp","Algorithm benchmark"
"base_algo_042","TheAlgorithms/C-Plus-Plus (scratch/the_algorithms/data_structures/segment_tree.cpp)","MIT","C:/Users/thris/OneDrive/Documents/compiler error explanation using AST and NLP code/data/v2/base_programs/base_algo_042.cpp","Algorithm benchmark"
"base_algo_043","TheAlgorithms/C-Plus-Plus (scratch/the_algorithms/data_structures/skip_list.cpp)","MIT","C:/Users/thris/OneDrive/Documents/compiler error explanation using AST and NLP code/data/v2/base_programs/base_algo_043.cpp","Algorithm benchmark"
"base_algo_044","TheAlgorithms/C-Plus-Plus (scratch/the_algorithms/data_structures/sparse_table.cpp)","MIT","C:/Users/thris/OneDrive/Documents/compiler error explanation using AST and NLP code/data/v2/base_programs/base_algo_044.cpp","Algorithm benchmark"
"base_algo_045","TheAlgorithms/C-Plus-Plus (scratch/the_algorithms/data_structures/stack_using_array.cpp)","MIT","C:/Users/thris/OneDrive/Documents/compiler error explanation using AST and NLP code/data/v2/base_programs/base_algo_045.cpp","Algorithm benchmark"
"base_algo_046","TheAlgorithms/C-Plus-Plus (scratch/the_algorithms/data_structures/stack_using_linked_list.cpp)","MIT","C:/Users/thris/OneDrive/Documents/compiler error explanation using AST and NLP code/data/v2/base_programs/base_algo_046.cpp","Algorithm benchmark"
"base_algo_047","TheAlgorithms/C-Plus-Plus (scratch/the_algorithms/data_structures/stack_using_queue.cpp)","MIT","C:/Users/thris/OneDrive/Documents/compiler error explanation using AST and NLP code/data/v2/base_programs/base_algo_047.cpp","Algorithm benchmark"
"base_algo_048","TheAlgorithms/C-Plus-Plus (scratch/the_algorithms/data_structures/test_queue.cpp)","MIT","C:/Users/thris/OneDrive/Documents/compiler error explanation using AST and NLP code/data/v2/base_programs/base_algo_048.cpp","Algorithm benchmark"
"base_algo_049","TheAlgorithms/C-Plus-Plus (scratch/the_algorithms/data_structures/test_stack.cpp)","MIT","C:/Users/thris/OneDrive/Documents/compiler error explanation using AST and NLP code/data/v2/base_programs/base_algo_049.cpp","Algorithm benchmark"
"base_algo_050","TheAlgorithms/C-Plus-Plus (scratch/the_algorithms/data_structures/test_stack_students.cpp)","MIT","C:/Users/thris/OneDrive/Documents/compiler error explanation using AST and NLP code/data/v2/base_programs/base_algo_050.cpp","Algorithm benchmark"
"base_algo_051","TheAlgorithms/C-Plus-Plus (scratch/the_algorithms/data_structures/treap.cpp)","MIT","C:/Users/thris/OneDrive/Documents/compiler error explanation using AST and NLP code/data/v2/base_programs/base_algo_051.cpp","Algorithm benchmark"
"base_algo_052","TheAlgorithms/C-Plus-Plus (scratch/the_algorithms/data_structures/tree.cpp)","MIT","C:/Users/thris/OneDrive/Documents/compiler error explanation using AST and NLP code/data/v2/base_programs/base_algo_052.cpp","Algorithm benchmark"
"base_algo_053","TheAlgorithms/C-Plus-Plus (scratch/the_algorithms/data_structures/trie_modern.cpp)","MIT","C:/Users/thris/OneDrive/Documents/compiler error explanation using AST and NLP code/data/v2/base_programs/base_algo_053.cpp","Algorithm benchmark"
"base_algo_054","TheAlgorithms/C-Plus-Plus (scratch/the_algorithms/data_structures/trie_using_hashmap.cpp)","MIT","C:/Users/thris/OneDrive/Documents/compiler error explanation using AST and NLP code/data/v2/base_programs/base_algo_054.cpp","Algorithm benchmark"
"base_algo_055","TheAlgorithms/C-Plus-Plus (scratch/the_algorithms/data_structures/cll/cll.cpp)","MIT","C:/Users/thris/OneDrive/Documents/compiler error explanation using AST and NLP code/data/v2/base_programs/base_algo_055.cpp","Algorithm benchmark"
"base_algo_056","TheAlgorithms/C-Plus-Plus (scratch/the_algorithms/data_structures/cll/main_cll.cpp)","MIT","C:/Users/thris/OneDrive/Documents/compiler error explanation using AST and NLP code/data/v2/base_programs/base_algo_056.cpp","Algorithm benchmark"
"base_algo_057","TheAlgorithms/C-Plus-Plus (scratch/the_algorithms/divide_and_conquer/karatsuba_algorithm_for_fast_multiplication.cpp)","MIT","C:/Users/thris/OneDrive/Documents/compiler error explanation using AST and NLP code/data/v2/base_programs/base_algo_057.cpp","Algorithm benchmark"
"base_algo_058","TheAlgorithms/C-Plus-Plus (scratch/the_algorithms/dynamic_programming/abbreviation.cpp)","MIT","C:/Users/thris/OneDrive/Documents/compiler error explanation using AST and NLP code/data/v2/base_programs/base_algo_058.cpp","Algorithm benchmark"
"base_algo_059","TheAlgorithms/C-Plus-Plus (scratch/the_algorithms/dynamic_programming/armstrong_number_templated.cpp)","MIT","C:/Users/thris/OneDrive/Documents/compiler error explanation using AST and NLP code/data/v2/base_programs/base_algo_059.cpp","Algorithm benchmark"
"base_algo_060","TheAlgorithms/C-Plus-Plus (scratch/the_algorithms/dynamic_programming/bellman_ford.cpp)","MIT","C:/Users/thris/OneDrive/Documents/compiler error explanation using AST and NLP code/data/v2/base_programs/base_algo_060.cpp","Algorithm benchmark"
"base_algo_061","TheAlgorithms/C-Plus-Plus (scratch/the_algorithms/dynamic_programming/coin_change.cpp)","MIT","C:/Users/thris/OneDrive/Documents/compiler error explanation using AST and NLP code/data/v2/base_programs/base_algo_061.cpp","Algorithm benchmark"
"base_algo_062","TheAlgorithms/C-Plus-Plus (scratch/the_algorithms/dynamic_programming/coin_change_topdown.cpp)","MIT","C:/Users/thris/OneDrive/Documents/compiler error explanation using AST and NLP code/data/v2/base_programs/base_algo_062.cpp","Algorithm benchmark"
"base_algo_063","TheAlgorithms/C-Plus-Plus (scratch/the_algorithms/dynamic_programming/cut_rod.cpp)","MIT","C:/Users/thris/OneDrive/Documents/compiler error explanation using AST and NLP code/data/v2/base_programs/base_algo_063.cpp","Algorithm benchmark"
"base_algo_064","TheAlgorithms/C-Plus-Plus (scratch/the_algorithms/dynamic_programming/edit_distance.cpp)","MIT","C:/Users/thris/OneDrive/Documents/compiler error explanation using AST and NLP code/data/v2/base_programs/base_algo_064.cpp","Algorithm benchmark"
"base_algo_065","TheAlgorithms/C-Plus-Plus (scratch/the_algorithms/dynamic_programming/egg_dropping_puzzle.cpp)","MIT","C:/Users/thris/OneDrive/Documents/compiler error explanation using AST and NLP code/data/v2/base_programs/base_algo_065.cpp","Algorithm benchmark"
"base_algo_066","TheAlgorithms/C-Plus-Plus (scratch/the_algorithms/dynamic_programming/fibonacci_bottom_up.cpp)","MIT","C:/Users/thris/OneDrive/Documents/compiler error explanation using AST and NLP code/data/v2/base_programs/base_algo_066.cpp","Algorithm benchmark"
"base_algo_067","TheAlgorithms/C-Plus-Plus (scratch/the_algorithms/dynamic_programming/house_robber.cpp)","MIT","C:/Users/thris/OneDrive/Documents/compiler error explanation using AST and NLP code/data/v2/base_programs/base_algo_067.cpp","Algorithm benchmark"
"base_algo_068","TheAlgorithms/C-Plus-Plus (scratch/the_algorithms/dynamic_programming/longest_common_string.cpp)","MIT","C:/Users/thris/OneDrive/Documents/compiler error explanation using AST and NLP code/data/v2/base_programs/base_algo_068.cpp","Algorithm benchmark"
"base_algo_069","TheAlgorithms/C-Plus-Plus (scratch/the_algorithms/dynamic_programming/longest_common_subsequence.cpp)","MIT","C:/Users/thris/OneDrive/Documents/compiler error explanation using AST and NLP code/data/v2/base_programs/base_algo_069.cpp","Algorithm benchmark"
"base_algo_070","TheAlgorithms/C-Plus-Plus (scratch/the_algorithms/dynamic_programming/longest_increasing_subsequence_nlogn.cpp)","MIT","C:/Users/thris/OneDrive/Documents/compiler error explanation using AST and NLP code/data/v2/base_programs/base_algo_070.cpp","Algorithm benchmark"
"base_algo_071","TheAlgorithms/C-Plus-Plus (scratch/the_algorithms/dynamic_programming/longest_palindromic_subsequence.cpp)","MIT","C:/Users/thris/OneDrive/Documents/compiler error explanation using AST and NLP code/data/v2/base_programs/base_algo_071.cpp","Algorithm benchmark"
"base_algo_072","TheAlgorithms/C-Plus-Plus (scratch/the_algorithms/dynamic_programming/matrix_chain_multiplication.cpp)","MIT","C:/Users/thris/OneDrive/Documents/compiler error explanation using AST and NLP code/data/v2/base_programs/base_algo_072.cpp","Algorithm benchmark"
"base_algo_073","TheAlgorithms/C-Plus-Plus (scratch/the_algorithms/dynamic_programming/minimum_edit_distance.cpp)","MIT","C:/Users/thris/OneDrive/Documents/compiler error explanation using AST and NLP code/data/v2/base_programs/base_algo_073.cpp","Algorithm benchmark"
"base_algo_074","TheAlgorithms/C-Plus-Plus (scratch/the_algorithms/dynamic_programming/palindrome_partitioning.cpp)","MIT","C:/Users/thris/OneDrive/Documents/compiler error explanation using AST and NLP code/data/v2/base_programs/base_algo_074.cpp","Algorithm benchmark"
"base_algo_075","TheAlgorithms/C-Plus-Plus (scratch/the_algorithms/dynamic_programming/partition_problem.cpp)","MIT","C:/Users/thris/OneDrive/Documents/compiler error explanation using AST and NLP code/data/v2/base_programs/base_algo_075.cpp","Algorithm benchmark"
"base_algo_076","TheAlgorithms/C-Plus-Plus (scratch/the_algorithms/dynamic_programming/searching_of_element_in_dynamic_array.cpp)","MIT","C:/Users/thris/OneDrive/Documents/compiler error explanation using AST and NLP code/data/v2/base_programs/base_algo_076.cpp","Algorithm benchmark"
"base_algo_077","TheAlgorithms/C-Plus-Plus (scratch/the_algorithms/dynamic_programming/trapped_rainwater.cpp)","MIT","C:/Users/thris/OneDrive/Documents/compiler error explanation using AST and NLP code/data/v2/base_programs/base_algo_077.cpp","Algorithm benchmark"
"base_algo_078","TheAlgorithms/C-Plus-Plus (scratch/the_algorithms/dynamic_programming/trapped_rainwater2.cpp)","MIT","C:/Users/thris/OneDrive/Documents/compiler error explanation using AST and NLP code/data/v2/base_programs/base_algo_078.cpp","Algorithm benchmark"
"base_algo_079","TheAlgorithms/C-Plus-Plus (scratch/the_algorithms/dynamic_programming/tree_height.cpp)","MIT","C:/Users/thris/OneDrive/Documents/compiler error explanation using AST and NLP code/data/v2/base_programs/base_algo_079.cpp","Algorithm benchmark"
"base_algo_080","TheAlgorithms/C-Plus-Plus (scratch/the_algorithms/dynamic_programming/unbounded_0_1_knapsack.cpp)","MIT","C:/Users/thris/OneDrive/Documents/compiler error explanation using AST and NLP code/data/v2/base_programs/base_algo_080.cpp","Algorithm benchmark"
"base_algo_081","TheAlgorithms/C-Plus-Plus (scratch/the_algorithms/geometry/line_segment_intersection.cpp)","MIT","C:/Users/thris/OneDrive/Documents/compiler error explanation using AST and NLP code/data/v2/base_programs/base_algo_081.cpp","Algorithm benchmark"
"base_algo_082","TheAlgorithms/C-Plus-Plus (scratch/the_algorithms/graph/breadth_first_search.cpp)","MIT","C:/Users/thris/OneDrive/Documents/compiler error explanation using AST and NLP code/data/v2/base_programs/base_algo_082.cpp","Algorithm benchmark"
"base_algo_083","TheAlgorithms/C-Plus-Plus (scratch/the_algorithms/graph/bridge_finding_with_tarjan_algorithm.cpp)","MIT","C:/Users/thris/OneDrive/Documents/compiler error explanation using AST and NLP code/data/v2/base_programs/base_algo_083.cpp","Algorithm benchmark"
"base_algo_084","TheAlgorithms/C-Plus-Plus (scratch/the_algorithms/graph/connected_components.cpp)","MIT","C:/Users/thris/OneDrive/Documents/compiler error explanation using AST and NLP code/data/v2/base_programs/base_algo_084.cpp","Algorithm benchmark"
"base_algo_085","TheAlgorithms/C-Plus-Plus (scratch/the_algorithms/graph/connected_components_with_dsu.cpp)","MIT","C:/Users/thris/OneDrive/Documents/compiler error explanation using AST and NLP code/data/v2/base_programs/base_algo_085.cpp","Algorithm benchmark"
"base_algo_086","TheAlgorithms/C-Plus-Plus (scratch/the_algorithms/graph/cycle_check_directed_graph.cpp)","MIT","C:/Users/thris/OneDrive/Documents/compiler error explanation using AST and NLP code/data/v2/base_programs/base_algo_086.cpp","Algorithm benchmark"
"base_algo_087","TheAlgorithms/C-Plus-Plus (scratch/the_algorithms/graph/depth_first_search.cpp)","MIT","C:/Users/thris/OneDrive/Documents/compiler error explanation using AST and NLP code/data/v2/base_programs/base_algo_087.cpp","Algorithm benchmark"
"base_algo_088","TheAlgorithms/C-Plus-Plus (scratch/the_algorithms/graph/depth_first_search_with_stack.cpp)","MIT","C:/Users/thris/OneDrive/Documents/compiler error explanation using AST and NLP code/data/v2/base_programs/base_algo_088.cpp","Algorithm benchmark"
"base_algo_089","TheAlgorithms/C-Plus-Plus (scratch/the_algorithms/graph/dijkstra.cpp)","MIT","C:/Users/thris/OneDrive/Documents/compiler error explanation using AST and NLP code/data/v2/base_programs/base_algo_089.cpp","Algorithm benchmark"
"base_algo_090","TheAlgorithms/C-Plus-Plus (scratch/the_algorithms/graph/hamiltons_cycle.cpp)","MIT","C:/Users/thris/OneDrive/Documents/compiler error explanation using AST and NLP code/data/v2/base_programs/base_algo_090.cpp","Algorithm benchmark"
"base_algo_091","TheAlgorithms/C-Plus-Plus (scratch/the_algorithms/graph/hopcroft_karp.cpp)","MIT","C:/Users/thris/OneDrive/Documents/compiler error explanation using AST and NLP code/data/v2/base_programs/base_algo_091.cpp","Algorithm benchmark"
"base_algo_092","TheAlgorithms/C-Plus-Plus (scratch/the_algorithms/graph/is_graph_bipartite.cpp)","MIT","C:/Users/thris/OneDrive/Documents/compiler error explanation using AST and NLP code/data/v2/base_programs/base_algo_092.cpp","Algorithm benchmark"
"base_algo_093","TheAlgorithms/C-Plus-Plus (scratch/the_algorithms/graph/is_graph_bipartite2.cpp)","MIT","C:/Users/thris/OneDrive/Documents/compiler error explanation using AST and NLP code/data/v2/base_programs/base_algo_093.cpp","Algorithm benchmark"
"base_algo_094","TheAlgorithms/C-Plus-Plus (scratch/the_algorithms/graph/kosaraju.cpp)","MIT","C:/Users/thris/OneDrive/Documents/compiler error explanation using AST and NLP code/data/v2/base_programs/base_algo_094.cpp","Algorithm benchmark"
"base_algo_095","TheAlgorithms/C-Plus-Plus (scratch/the_algorithms/graph/kruskal.cpp)","MIT","C:/Users/thris/OneDrive/Documents/compiler error explanation using AST and NLP code/data/v2/base_programs/base_algo_095.cpp","Algorithm benchmark"
"base_algo_096","TheAlgorithms/C-Plus-Plus (scratch/the_algorithms/graph/lowest_common_ancestor.cpp)","MIT","C:/Users/thris/OneDrive/Documents/compiler error explanation using AST and NLP code/data/v2/base_programs/base_algo_096.cpp","Algorithm benchmark"
"base_algo_097","TheAlgorithms/C-Plus-Plus (scratch/the_algorithms/graph/max_flow_with_ford_fulkerson_and_edmond_karp_algo.cpp)","MIT","C:/Users/thris/OneDrive/Documents/compiler error explanation using AST and NLP code/data/v2/base_programs/base_algo_097.cpp","Algorithm benchmark"
"base_algo_098","TheAlgorithms/C-Plus-Plus (scratch/the_algorithms/graph/number_of_paths.cpp)","MIT","C:/Users/thris/OneDrive/Documents/compiler error explanation using AST and NLP code/data/v2/base_programs/base_algo_098.cpp","Algorithm benchmark"
"base_algo_099","TheAlgorithms/C-Plus-Plus (scratch/the_algorithms/graph/prim.cpp)","MIT","C:/Users/thris/OneDrive/Documents/compiler error explanation using AST and NLP code/data/v2/base_programs/base_algo_099.cpp","Algorithm benchmark"
"base_algo_100","TheAlgorithms/C-Plus-Plus (scratch/the_algorithms/graph/topological_sort_by_kahns_algo.cpp)","MIT","C:/Users/thris/OneDrive/Documents/compiler error explanation using AST and NLP code/data/v2/base_programs/base_algo_100.cpp","Algorithm benchmark"
"base_algo_101","TheAlgorithms/C-Plus-Plus (scratch/the_algorithms/greedy_algorithms/digit_separation.cpp)","MIT","C:/Users/thris/OneDrive/Documents/compiler error explanation using AST and NLP code/data/v2/base_programs/base_algo_101.cpp","Algorithm benchmark"
"base_algo_102","TheAlgorithms/C-Plus-Plus (scratch/the_algorithms/greedy_algorithms/dijkstra_greedy.cpp)","MIT","C:/Users/thris/OneDrive/Documents/compiler error explanation using AST and NLP code/data/v2/base_programs/base_algo_102.cpp","Algorithm benchmark"
"base_algo_103","TheAlgorithms/C-Plus-Plus (scratch/the_algorithms/greedy_algorithms/huffman.cpp)","MIT","C:/Users/thris/OneDrive/Documents/compiler error explanation using AST and NLP code/data/v2/base_programs/base_algo_103.cpp","Algorithm benchmark"
"base_algo_104","TheAlgorithms/C-Plus-Plus (scratch/the_algorithms/greedy_algorithms/jump_game.cpp)","MIT","C:/Users/thris/OneDrive/Documents/compiler error explanation using AST and NLP code/data/v2/base_programs/base_algo_104.cpp","Algorithm benchmark"
"base_algo_105","TheAlgorithms/C-Plus-Plus (scratch/the_algorithms/greedy_algorithms/knapsack.cpp)","MIT","C:/Users/thris/OneDrive/Documents/compiler error explanation using AST and NLP code/data/v2/base_programs/base_algo_105.cpp","Algorithm benchmark"
"base_algo_106","TheAlgorithms/C-Plus-Plus (scratch/the_algorithms/greedy_algorithms/prims_minimum_spanning_tree.cpp)","MIT","C:/Users/thris/OneDrive/Documents/compiler error explanation using AST and NLP code/data/v2/base_programs/base_algo_106.cpp","Algorithm benchmark"
"base_algo_107","TheAlgorithms/C-Plus-Plus (scratch/the_algorithms/hashing/chaining.cpp)","MIT","C:/Users/thris/OneDrive/Documents/compiler error explanation using AST and NLP code/data/v2/base_programs/base_algo_107.cpp","Algorithm benchmark"
"base_algo_108","TheAlgorithms/C-Plus-Plus (scratch/the_algorithms/hashing/double_hash_hash_table.cpp)","MIT","C:/Users/thris/OneDrive/Documents/compiler error explanation using AST and NLP code/data/v2/base_programs/base_algo_108.cpp","Algorithm benchmark"
"base_algo_109","TheAlgorithms/C-Plus-Plus (scratch/the_algorithms/hashing/linear_probing_hash_table.cpp)","MIT","C:/Users/thris/OneDrive/Documents/compiler error explanation using AST and NLP code/data/v2/base_programs/base_algo_109.cpp","Algorithm benchmark"
"base_algo_110","TheAlgorithms/C-Plus-Plus (scratch/the_algorithms/hashing/md5.cpp)","MIT","C:/Users/thris/OneDrive/Documents/compiler error explanation using AST and NLP code/data/v2/base_programs/base_algo_110.cpp","Algorithm benchmark"
